,Y,Y_RF,sig_1,pos_1,bal_1,sig_2,pos_2,bal_2,sig_3,pos_3,bal_3,Y_close,PL1,PL2,PL3
0,852.52,851.9364959430197,-1.0,-1.0,999898.0,-1.0,-1.0,999898.0,1.0,1.0,488488.0,852.69,-102.0,-102.0,-511512.0
1,852.96,852.6728562353691,-1.0,-1.0,997654.0,-1.0,0.0,999898.0,-1.0,-1.0,1002508.0,856.7,-2244.0,0.0,514020.0
2,859.0,857.201190746919,-1.0,-1.0,1007974.0,-1.0,0.0,999898.0,-1.0,-1.0,993568.0,841.8,10320.0,0.0,-8940.0
3,839.5,847.2893389087799,1.0,1.0,1013254.0,1.0,1.0,1005178.0,-1.0,-1.0,997468.0,848.3,5280.0,5280.0,3900.0
4,848.11,844.5187766999924,-1.0,-1.0,1013470.0,-1.0,-1.0,1005394.0,-1.0,-1.0,997138.0,847.75,216.0,216.0,-330.0
5,849.5,850.0604285170896,1.0,1.0,1011004.0,1.0,1.0,1002928.0,-1.0,-1.0,995722.0,845.39,-2466.0,-2466.0,-1416.0
6,838.5,846.4304599096462,1.0,1.0,1016398.0,1.0,0.0,1002928.0,-1.0,-1.0,996982.0,847.49,5394.0,0.0,1260.0
7,848.0,849.4710265596506,1.0,1.0,1022398.0,1.0,0.0,1002928.0,-1.0,-1.0,1003288.0,858.0,6000.0,0.0,6306.0
8,860.01,853.3517595374678,-1.0,-1.0,1013254.0,-1.0,-1.0,993784.0,-1.0,-1.0,1013638.0,875.25,-9144.0,-9144.0,10350.0
9,874.89,868.9717338924361,-1.0,-1.0,1012318.0,-1.0,0.0,993784.0,-1.0,-1.0,1014358.0,876.45,-936.0,0.0,720.0
10,875.12,874.7843535317149,-1.0,-1.0,1005394.0,-1.0,0.0,993784.0,-1.0,-1.0,1020484.0,886.66,-6924.0,0.0,6126.0
11,888.1,883.8561593712332,-1.0,-1.0,1004104.0,-1.0,0.0,993784.0,-1.0,-1.0,1022638.0,890.25,-1290.0,0.0,2154.0
12,889.6,887.6422678761046,-1.0,-1.0,993610.0,-1.0,0.0,993784.0,-1.0,-1.0,1032742.0,907.09,-10494.0,0.0,10104.0
13,908.52,898.0314892542251,-1.0,-1.0,993622.0,-1.0,0.0,993784.0,-1.0,-1.0,1033588.0,908.5,12.0,0.0,846.0
14,908.5,907.663577067955,-1.0,-1.0,998872.0,-1.0,0.0,993784.0,-1.0,-1.0,1028338.0,899.75,5250.0,0.0,-5250.0
15,897.77,900.5630495794728,1.0,1.0,997078.0,1.0,1.0,991990.0,-1.0,-1.0,1025356.0,894.78,-1794.0,-1794.0,-2982.0
16,894.5,895.0606605679062,1.0,1.0,1005172.0,1.0,0.0,991990.0,-1.0,-1.0,1033282.0,907.99,8094.0,0.0,7926.0
17,909.4,903.2538301464643,-1.0,-1.0,1009012.0,-1.0,-1.0,995830.0,-1.0,-1.0,1030288.0,903.0,3840.0,3840.0,-2994.0
18,903.0,904.523857821728,1.0,1.0,1004872.0,1.0,1.0,991690.0,-1.0,-1.0,1026148.0,896.1,-4140.0,-4140.0,-4140.0
19,896.23,896.5259874256757,1.0,1.0,997936.0,1.0,0.0,991690.0,-1.0,-1.0,1019290.0,884.67,-6936.0,0.0,-6858.0
20,886.31,886.5510818070794,1.0,1.0,1007770.0,1.0,0.0,991690.0,-1.0,-1.0,1030108.0,902.7,9834.0,0.0,10818.0
21,901.31,900.4171661003813,-1.0,-1.0,1006816.0,-1.0,-1.0,990736.0,-1.0,-1.0,1030228.0,902.9,-954.0,-954.0,120.0
22,904.6,904.8386107722708,1.0,1.0,1004230.0,1.0,1.0,988150.0,-1.0,-1.0,1028662.0,900.29,-2586.0,-2586.0,-1566.0
23,901.21,900.205200252786,-1.0,-1.0,1003156.0,-1.0,-1.0,987076.0,-1.0,-1.0,1030288.0,903.0,-1074.0,-1074.0,1626.0
24,904.6,904.6252181980217,1.0,1.0,998596.0,1.0,1.0,982516.0,-1.0,-1.0,1026688.0,897.0,-4560.0,-4560.0,-3600.0
25,912.0,904.58344763038,-1.0,-1.0,1001278.0,-1.0,-1.0,985198.0,-1.0,-1.0,1033006.0,907.53,2682.0,2682.0,6318.0
26,904.41,906.7978373880529,1.0,1.0,1002856.0,1.0,1.0,986776.0,-1.0,-1.0,1032712.0,907.04,1578.0,1578.0,-294.0
27,908.2,908.6540120556267,1.0,1.0,1003336.0,1.0,0.0,986776.0,-1.0,-1.0,1033888.0,909.0,480.0,0.0,1176.0
28,910.9,911.257854977193,1.0,1.0,1029196.0,1.0,0.0,986776.0,-1.0,-1.0,1060888.0,954.0,25860.0,0.0,27000.0
29,949.44,941.4721678885846,-1.0,-1.0,1044010.0,-1.0,-1.0,1001590.0,-1.0,-1.0,1043338.0,924.75,14814.0,14814.0,-17550.0
30,926.0,925.5698566823078,-1.0,-1.0,1029016.0,-1.0,0.0,1001590.0,-1.0,-1.0,1059082.0,950.99,-14994.0,0.0,15744.0
31,951.15,941.1589072026384,-1.0,-1.0,1032766.0,-1.0,0.0,1001590.0,-1.0,-1.0,1055428.0,944.9,3750.0,0.0,-3654.0
32,946.16,947.590599825961,1.0,1.0,1029568.0,1.0,1.0,998392.0,-1.0,-1.0,1052986.0,940.83,-3198.0,-3198.0,-2442.0
33,944.99,943.0481391180065,-1.0,-1.0,1034182.0,-1.0,-1.0,1003006.0,-1.0,-1.0,1050868.0,937.3,4614.0,4614.0,-2118.0
34,934.5,936.6475195198536,1.0,1.0,1035010.0,1.0,1.0,1003834.0,-1.0,-1.0,1050016.0,935.88,828.0,828.0,-852.0
35,937.88,934.351828759356,-1.0,-1.0,1028278.0,-1.0,-1.0,997102.0,-1.0,-1.0,1057948.0,949.1,-6732.0,-6732.0,7932.0
36,950.5,944.7634714197603,-1.0,-1.0,1027450.0,-1.0,0.0,997102.0,-1.0,-1.0,1059616.0,951.88,-828.0,0.0,1668.0
37,952.42,952.7948804023578,1.0,1.0,1025368.0,1.0,1.0,995020.0,-1.0,-1.0,1057858.0,948.95,-2082.0,-2082.0,-1758.0
38,948.6,949.4025671948497,1.0,1.0,1024594.0,1.0,0.0,995020.0,-1.0,-1.0,1056874.0,947.31,-774.0,0.0,-984.0
39,947.39,945.4981773832357,-1.0,-1.0,1015888.0,-1.0,-1.0,986314.0,-1.0,-1.0,1065628.0,961.9,-8706.0,-8706.0,8754.0
40,965.0,955.1128685272099,-1.0,-1.0,1019788.0,-1.0,0.0,986314.0,-1.0,-1.0,1063588.0,958.5,3900.0,0.0,-2040.0
41,961.48,961.9507275147893,1.0,1.0,1019350.0,1.0,1.0,985876.0,-1.0,-1.0,1064938.0,960.75,-438.0,-438.0,1350.0
42,961.59,961.5994198043944,1.0,1.0,1010596.0,1.0,0.0,985876.0,-1.0,-1.0,1056688.0,947.0,-8754.0,0.0,-8250.0
43,943.5,949.5968120482793,1.0,1.0,1020556.0,1.0,0.0,985876.0,-1.0,-1.0,1064548.0,960.1,9960.0,0.0,7860.0
44,963.0,959.3403265139843,-1.0,-1.0,1023250.0,-1.0,-1.0,988570.0,-1.0,-1.0,1063594.0,958.51,2694.0,2694.0,-954.0
45,961.0,960.7708032221992,-1.0,-1.0,1017850.0,-1.0,0.0,988570.0,-1.0,-1.0,1070488.0,970.0,-5400.0,0.0,6894.0
46,973.97,966.1782977362013,-1.0,-1.0,1019332.0,-1.0,0.0,988570.0,-1.0,-1.0,1071388.0,971.5,1482.0,0.0,900.0
47,973.0,971.7194157223737,-1.0,-1.0,1014892.0,-1.0,0.0,988570.0,-1.0,-1.0,1076728.0,980.4,-4440.0,0.0,5340.0
48,983.43,972.8527920294908,-1.0,-1.0,1007950.0,-1.0,0.0,988570.0,-1.0,-1.0,1085488.0,995.0,-6942.0,0.0,8760.0
49,992.99,993.4424854335615,1.0,1.0,1009606.0,1.0,1.0,990226.0,-1.0,-1.0,1085938.0,995.75,1656.0,1656.0,450.0
50,999.99,995.3908689089133,-1.0,-1.0,1011622.0,-1.0,-1.0,992242.0,-1.0,-1.0,1086466.0,996.63,2016.0,2016.0,528.0
51,998.5,998.7095496935823,1.0,1.0,1009822.0,1.0,1.0,990442.0,-1.0,-1.0,1085788.0,995.5,-1800.0,-1800.0,-678.0
52,998.5,995.7123897974277,-1.0,-1.0,1011142.0,-1.0,-1.0,991762.0,-1.0,-1.0,1086268.0,996.3,1320.0,1320.0,480.0
53,999.4,998.438158556295,-1.0,-1.0,1007482.0,-1.0,0.0,991762.0,-1.0,-1.0,1091788.0,1005.5,-3660.0,0.0,5520.0
54,1005.3,1003.8612965551563,-1.0,-1.0,1003534.0,-1.0,0.0,991762.0,-1.0,-1.0,1095616.0,1011.88,-3948.0,0.0,3828.0
55,1010.76,1009.9659419688862,-1.0,-1.0,1007098.0,-1.0,0.0,991762.0,-1.0,-1.0,1091380.0,1004.82,3564.0,0.0,-4236.0
56,1005.21,1007.6878608106124,1.0,1.0,1009978.0,1.0,1.0,994642.0,-1.0,-1.0,1094494.0,1010.01,2880.0,2880.0,3114.0
57,1014.7,1010.929285014867,-1.0,-1.0,1013398.0,-1.0,-1.0,998062.0,-1.0,-1.0,1093888.0,1009.0,3420.0,3420.0,-606.0
58,1011.0,1011.8275400056613,1.0,1.0,993238.0,1.0,1.0,977902.0,-1.0,-1.0,1074928.0,977.4,-20160.0,-20160.0,-18960.0
59,977.0,972.7068792653336,-1.0,-1.0,1000438.0,-1.0,-1.0,985102.0,-1.0,-1.0,1067488.0,965.0,7200.0,7200.0,-7440.0
60,970.95,971.1224158717372,1.0,1.0,1006726.0,1.0,1.0,991390.0,-1.0,-1.0,1077346.0,981.43,6288.0,6288.0,9858.0
61,983.5,979.8118352570433,-1.0,-1.0,1013026.0,-1.0,-1.0,997690.0,-1.0,-1.0,1072288.0,973.0,6300.0,6300.0,-5058.0
62,963.31,978.7062446762704,1.0,1.0,1012360.0,1.0,1.0,997024.0,-1.0,-1.0,1065808.0,962.2,-666.0,-666.0,-6480.0
63,969.59,962.5660283289404,-1.0,-1.0,1000846.0,-1.0,-1.0,985510.0,-1.0,-1.0,1081756.0,988.78,-11514.0,-11514.0,15948.0
64,994.0,988.1616928087996,-1.0,-1.0,999718.0,-1.0,0.0,985510.0,-1.0,-1.0,1086016.0,995.88,-1128.0,0.0,4260.0
65,999.0,996.010968516176,-1.0,-1.0,1002790.0,-1.0,0.0,985510.0,-1.0,-1.0,1084816.0,993.88,3072.0,0.0,-1200.0
66,992.85,991.771461502614,-1.0,-1.0,997660.0,-1.0,0.0,985510.0,-1.0,-1.0,1089328.0,1001.4,-5130.0,0.0,4512.0
67,1002.29,1000.510452707106,-1.0,-1.0,997834.0,-1.0,0.0,985510.0,-1.0,-1.0,1089688.0,1002.0,174.0,0.0,360.0
68,1005.0,1003.5601064649862,-1.0,-1.0,998434.0,-1.0,0.0,985510.0,-1.0,-1.0,1090888.0,1004.0,600.0,0.0,1200.0
69,1004.02,1003.914243292871,-1.0,-1.0,1004116.0,-1.0,0.0,985510.0,-1.0,-1.0,1085218.0,994.55,5682.0,0.0,-5670.0
70,994.0,1000.816730070716,1.0,1.0,993916.0,1.0,1.0,975310.0,-1.0,-1.0,1074688.0,977.0,-10200.0,-10200.0,-10530.0
71,974.69,985.4723589269407,1.0,1.0,1004002.0,1.0,0.0,975310.0,-1.0,-1.0,1083388.0,991.5,10086.0,0.0,8700.0
72,995.1,994.5796661565943,-1.0,-1.0,1017640.0,-1.0,-1.0,988948.0,-1.0,-1.0,1071910.0,972.37,13638.0,13638.0,-11478.0
73,975.0,978.9614940971021,1.0,1.0,1013740.0,1.0,1.0,985048.0,-1.0,-1.0,1069588.0,968.5,-3900.0,-3900.0,-2322.0
74,974.0,974.7540725949333,1.0,1.0,1002274.0,1.0,0.0,985048.0,-1.0,-1.0,1061422.0,954.89,-11466.0,0.0,-8166.0
75,952.48,961.8939591554297,1.0,1.0,1013626.0,1.0,0.0,985048.0,-1.0,-1.0,1071328.0,971.4,11352.0,0.0,9906.0
76,962.36,963.36042947431,1.0,1.0,1015720.0,1.0,0.0,985048.0,-1.0,-1.0,1067998.0,965.85,2094.0,0.0,-3330.0
77,966.01,968.229989556108,1.0,1.0,1023754.0,1.0,0.0,985048.0,-1.0,-1.0,1076128.0,979.4,8034.0,0.0,8130.0
78,984.23,975.1030058926821,-1.0,-1.0,1015498.0,-1.0,-1.0,976792.0,-1.0,-1.0,1087282.0,997.99,-8256.0,-8256.0,11154.0
79,999.44,995.2241730915559,-1.0,-1.0,1018462.0,-1.0,0.0,976792.0,-1.0,-1.0,1085188.0,994.5,2964.0,0.0,-2094.0
80,995.99,994.1678407757312,-1.0,-1.0,1011946.0,-1.0,0.0,976792.0,-1.0,-1.0,1092598.0,1006.85,-6516.0,0.0,7410.0
81,1008.2,1005.5660848898599,-1.0,-1.0,1017208.0,-1.0,0.0,976792.0,-1.0,-1.0,1088146.0,999.43,5262.0,0.0,-4452.0
82,1001.78,1003.4764457164418,1.0,1.0,1017406.0,1.0,1.0,976990.0,-1.0,-1.0,1089754.0,1002.11,198.0,198.0,1608.0
83,1003.0,1003.1244000077614,1.0,1.0,1022956.0,1.0,0.0,976990.0,-1.0,-1.0,1095838.0,1012.25,5550.0,0.0,6084.0
84,1010.65,1010.7643281094252,1.0,1.0,1031746.0,1.0,0.0,976990.0,-1.0,-1.0,1103668.0,1025.3,8790.0,0.0,7830.0
85,1025.26,1019.8580596998275,-1.0,-1.0,1030306.0,-1.0,-1.0,975550.0,-1.0,-1.0,1105084.0,1027.66,-1440.0,-1440.0,1416.0
86,1028.64,1028.7140485769646,1.0,1.0,1028121.9999999999,1.0,1.0,973365.9999999999,-1.0,-1.0,1103488.0,1025.0,-2184.0000000001164,-2184.0000000001164,-1596.0
87,1028.5,1026.5209163117097,-1.0,-1.0,1029622.0,-1.0,-1.0,974866.0,-1.0,-1.0,1104088.0,1026.0,1500.0000000001164,1500.0000000001164,600.0
88,1025.0,1024.8740514490923,-1.0,-1.0,1022572.0,-1.0,0.0,974866.0,-1.0,-1.0,1110538.0,1036.75,-7050.0,0.0,6450.0
89,1036.0,1036.1611426854188,1.0,1.0,1024768.0,1.0,1.0,977062.0,-1.0,-1.0,1112284.0,1039.66,2196.0,2196.0,1746.0
90,1041.88,1041.903629408968,1.0,1.0,1037289.9999999999,1.0,0.0,977062.0,-1.0,-1.0,1126138.0,1062.75,12521.999999999884,0.0,13854.0
91,1062.0,1057.1601051572306,-1.0,-1.0,1065844.0,-1.0,-1.0,1005616.0,-1.0,-1.0,1097134.0,1014.41,28554.000000000116,28554.0,-29004.0
92,1020.21,1033.8299990947467,1.0,1.0,1065238.0,1.0,1.0,1005010.0,-1.0,-1.0,1100008.0,1019.2,-606.0,-606.0,2874.0
93,1024.0,1025.361617646337,1.0,1.0,1042192.0,1.0,0.0,1005010.0,-1.0,-1.0,1079842.0,985.59,-23046.0,0.0,-20166.0
94,995.0,1002.1302882689963,1.0,1.0,1046254.0,1.0,0.0,1005010.0,-1.0,-1.0,1089550.0,1001.77,4062.0,0.0,9708.0
95,1003.0,1004.9772981207167,1.0,1.0,1041850.0,1.0,0.0,1005010.0,-1.0,-1.0,1085884.0,995.66,-4404.0,0.0,-3666.0
96,997.89,999.0110276478758,1.0,1.0,1035268.0,1.0,0.0,1005010.0,-1.0,-1.0,1080640.0,986.92,-6582.0,0.0,-5244.0
97,988.05,994.5168160946976,1.0,1.0,1034578.0,1.0,0.0,1005010.0,-1.0,-1.0,1080628.0,986.9,-690.0,0.0,-12.0
98,993.1,993.6468566564513,1.0,1.0,1033192.0,1.0,0.0,1005010.0,-1.0,-1.0,1082962.0,990.79,-1386.0,0.0,2334.0
99,993.13,990.4913210090848,-1.0,-1.0,1037800.0,-1.0,-1.0,1009618.0,-1.0,-1.0,1079758.0,985.45,4608.0,4608.0,-3204.0
100,983.5,994.5801055790924,1.0,1.0,1036564.0,1.0,1.0,1008382.0,-1.0,-1.0,1077352.0,981.44,-1236.0,-1236.0,-2406.0
101,977.0,985.8515989963347,1.0,1.0,1022764.0,1.0,0.0,1008382.0,-1.0,-1.0,1060888.0,954.0,-13800.0,0.0,-16464.0
102,952.1,971.6486037561232,1.0,1.0,1032484.0,1.0,0.0,1008382.0,-1.0,-1.0,1069468.0,968.3,9720.0,0.0,8580.0
103,979.69,977.1391434362308,-1.0,-1.0,1030048.0,-1.0,-1.0,1005946.0,-1.0,-1.0,1078738.0,983.75,-2436.0,-2436.0,9270.0
104,987.35,987.0387991314134,-1.0,-1.0,1034152.0,-1.0,0.0,1005946.0,-1.0,-1.0,1076794.0,980.51,4104.0,0.0,-1944.0
105,987.0,986.6824795380189,-1.0,-1.0,1040602.0,-1.0,0.0,1005946.0,-1.0,-1.0,1074238.0,976.25,6450.0,0.0,-2556.0
106,977.99,979.0789057491161,1.0,1.0,1028128.0,1.0,1.0,993472.0,-1.0,-1.0,1062808.0,957.2,-12474.0,-12474.0,-11430.0
107,961.0,970.7996640941956,1.0,1.0,1025428.0,1.0,0.0,993472.0,-1.0,-1.0,1062388.0,956.5,-2700.0,0.0,-420.0
108,957.84,962.7058766523073,1.0,1.0,1023034.0,1.0,0.0,993472.0,-1.0,-1.0,1060798.0,953.85,-2394.0,0.0,-1590.0
109,956.95,956.0448264264007,-1.0,-1.0,1017304.0,-1.0,-1.0,987742.0,-1.0,-1.0,1068388.0,966.5,-5730.0,-5730.0,7590.0
110,964.25,966.5877929742586,1.0,1.0,1010974.0,1.0,1.0,981412.0,-1.0,-1.0,1060708.0,953.7,-6330.0,-6330.0,-7680.0
111,959.0,964.5538379517693,1.0,1.0,1007974.0,1.0,0.0,981412.0,-1.0,-1.0,1060888.0,954.0,-3000.0,0.0,180.0
112,957.15,955.7232295124173,-1.0,-1.0,1015264.0,-1.0,-1.0,988702.0,-1.0,-1.0,1055488.0,945.0,7290.0,7290.0,-5400.0
113,945.7,956.3662650655133,1.0,1.0,1012144.0,1.0,1.0,985582.0,-1.0,-1.0,1052788.0,940.5,-3120.0,-3120.0,-2700.0
114,935.0,943.531814058123,1.0,1.0,1024294.0,1.0,0.0,985582.0,-1.0,-1.0,1061638.0,955.25,12150.0,0.0,8850.0
115,956.6,954.9391046524536,-1.0,-1.0,1017502.0,-1.0,-1.0,978790.0,-1.0,-1.0,1069240.0,967.92,-6792.0,-6792.0,7602.0
116,970.49,969.2808907894718,-1.0,-1.0,1011196.0,-1.0,0.0,978790.0,-1.0,-1.0,1077088.0,981.0,-6306.0,0.0,7848.0
117,982.63,981.1869561660291,-1.0,-1.0,1013080.0,-1.0,0.0,978790.0,-1.0,-1.0,1076182.0,979.49,1884.0,0.0,-906.0
118,977.89,982.1745241327327,1.0,1.0,1006174.0,1.0,1.0,971884.0,-1.0,-1.0,1068316.0,966.38,-6906.0,-6906.0,-7866.0
119,968.24,970.9946404567661,1.0,1.0,1005580.0,1.0,0.0,971884.0,-1.0,-1.0,1068838.0,967.25,-594.0,0.0,522.0
120,970.0,969.7247051394031,-1.0,-1.0,999442.0,-1.0,-1.0,965746.0,-1.0,-1.0,1076626.0,980.23,-6138.0,-6138.0,7788.0
121,976.67,979.767146164106,1.0,1.0,993052.0,1.0,1.0,959356.0,-1.0,-1.0,1068100.0,966.02,-6390.0,-6390.0,-8526.0
122,973.03,972.9071668611487,-1.0,-1.0,990058.0,-1.0,-1.0,956362.0,-1.0,-1.0,1075300.0,978.02,-2994.0,-2994.0,7200.0
123,981.4,979.8871854655223,-1.0,-1.0,988846.0,-1.0,0.0,956362.0,-1.0,-1.0,1078540.0,983.42,-1212.0,0.0,3240.0
124,983.75,983.800785980888,1.0,1.0,998410.0,1.0,1.0,965926.0,-1.0,-1.0,1088302.0,999.69,9564.0,9564.0,9762.0
125,1001.8,995.1490443532717,-1.0,-1.0,1006288.0,-1.0,-1.0,973804.0,-1.0,-1.0,1081690.0,988.67,7878.0,7878.0,-6612.0
126,989.13,987.6724497292993,-1.0,-1.0,1007176.0,-1.0,0.0,973804.0,-1.0,-1.0,1081078.0,987.65,888.0,0.0,-612.0
127,991.19,991.0243772342579,-1.0,-1.0,1016650.0,-1.0,0.0,973804.0,-1.0,-1.0,1073728.0,975.4,9474.0,0.0,-7350.0
128,978.0,979.9394442366048,1.0,1.0,1011700.0,1.0,1.0,968854.0,-1.0,-1.0,1070338.0,969.75,-4950.0,-4950.0,-3390.0
129,971.0,973.748021512497,1.0,1.0,1012900.0,1.0,0.0,968854.0,-1.0,-1.0,1072288.0,973.0,1200.0,0.0,1950.0
130,973.69,972.7935659424443,-1.0,-1.0,1018984.0,-1.0,-1.0,974938.0,-1.0,-1.0,1066618.0,963.55,6084.0,6084.0,-5670.0
131,964.0,968.8730772911352,1.0,1.0,1011934.0,1.0,1.0,967888.0,-1.0,-1.0,1059838.0,952.25,-7050.0,-7050.0,-6780.0
132,954.0,959.5078466803802,1.0,1.0,1002394.0,1.0,0.0,967888.0,-1.0,-1.0,1051348.0,938.1,-9540.0,0.0,-8490.0
133,943.87,945.548313075779,1.0,1.0,999322.0,1.0,0.0,967888.0,-1.0,-1.0,1051738.0,938.75,-3072.0,0.0,390.0
134,943.39,943.6381891921367,1.0,1.0,1004008.0,1.0,0.0,967888.0,-1.0,-1.0,1059208.0,951.2,4686.0,0.0,7470.0
135,952.0,952.3687680944813,1.0,1.0,1006468.0,1.0,0.0,967888.0,-1.0,-1.0,1062148.0,956.1,2460.0,0.0,2940.0
136,960.75,958.4179374541935,-1.0,-1.0,1006108.0,-1.0,-1.0,967528.0,-1.0,-1.0,1065298.0,961.35,-360.0,-360.0,3150.0
137,963.1,964.38918174078,1.0,1.0,1003078.0,1.0,1.0,964498.0,-1.0,-1.0,1063318.0,958.05,-3030.0,-3030.0,-1980.0
138,959.79,961.1707663405606,1.0,1.0,1001398.0,1.0,0.0,964498.0,-1.0,-1.0,1062682.0,956.99,-1680.0,0.0,-636.0
139,954.0,956.6408057285628,1.0,1.0,1008562.0,1.0,0.0,964498.0,-1.0,-1.0,1068052.0,965.94,7164.0,0.0,5370.0
140,967.0,965.1464166675336,-1.0,-1.0,1000522.0,-1.0,-1.0,956458.0,-1.0,-1.0,1076728.0,980.4,-8040.0,-8040.0,8676.0
141,980.08,977.8126574384979,-1.0,-1.0,995020.0,-1.0,0.0,956458.0,-1.0,-1.0,1082038.0,989.25,-5502.0,0.0,5310.0
142,994.89,986.8849370606353,-1.0,-1.0,997384.0,-1.0,0.0,956458.0,-1.0,-1.0,1083058.0,990.95,2364.0,0.0,1020.0
143,992.9,990.9048446161212,-1.0,-1.0,1001224.0,-1.0,0.0,956458.0,-1.0,-1.0,1080388.0,986.5,3840.0,0.0,-2670.0
144,989.1,987.6649144114642,-1.0,-1.0,997726.0,-1.0,0.0,956458.0,-1.0,-1.0,1085446.0,994.93,-3498.0,0.0,5058.0
145,997.3,992.216495608813,-1.0,-1.0,996106.0,-1.0,0.0,956458.0,-1.0,-1.0,1088488.0,1000.0,-1620.0,0.0,3042.0
146,1004.79,999.4974800029796,-1.0,-1.0,996880.0,-1.0,0.0,956458.0,-1.0,-1.0,1090588.0,1003.5,774.0,0.0,2100.0
147,1006.0,1006.3941480067655,1.0,1.0,997600.0,1.0,1.0,957178.0,-1.0,-1.0,1092808.0,1007.2,720.0,720.0,2220.0
148,1006.63,1006.9374128251164,1.0,1.0,999136.0,1.0,0.0,957178.0,-1.0,-1.0,1094002.0,1009.19,1536.0,0.0,1194.0
149,1009.5,1006.3784696331104,-1.0,-1.0,1005556.0,-1.0,-1.0,963598.0,-1.0,-1.0,1087768.0,998.8,6420.0,6420.0,-6234.0
150,995.0,1004.5495346136903,1.0,1.0,1001356.0,1.0,1.0,959398.0,-1.0,-1.0,1081288.0,988.0,-4200.0,-4200.0,-6480.0
151,991.75,992.216313078494,1.0,1.0,996406.0,1.0,0.0,959398.0,-1.0,-1.0,1078588.0,983.5,-4950.0,0.0,-2700.0
152,984.0,987.3012680356372,1.0,1.0,985642.0,1.0,0.0,959398.0,-1.0,-1.0,1068124.0,966.06,-10764.0,0.0,-10464.0
153,968.1,973.0129573145692,1.0,1.0,990484.0,1.0,0.0,959398.0,-1.0,-1.0,1074190.0,976.17,4842.0,0.0,6066.0
154,977.0,975.5107825862241,-1.0,-1.0,991534.0,-1.0,-1.0,960448.0,-1.0,-1.0,1073638.0,975.25,1050.0,1050.0,-552.0
155,978.4,978.136421335352,-1.0,-1.0,950374.0,-1.0,0.0,960448.0,-1.0,-1.0,1116688.0,1047.0,-41160.0,0.0,43050.0
156,1042.0,1023.1143194823736,-1.0,-1.0,914374.0,-1.0,0.0,960448.0,-1.0,-1.0,1149688.0,1102.0,-36000.0,0.0,33000.0
157,1096.8,1074.7409668801522,-1.0,-1.0,904954.0,-1.0,0.0,960448.0,-1.0,-1.0,1155988.0,1112.5,-9420.0,0.0,6300.0
158,1113.55,1099.0324383500135,-1.0,-1.0,909484.0,-1.0,0.0,960448.0,-1.0,-1.0,1152088.0,1106.0,4530.0,0.0,-3900.0
159,1109.18,1109.430432286274,1.0,1.0,903976.0,1.0,1.0,954940.0,-1.0,-1.0,1148488.0,1100.0,-5508.0,-5508.0,-3600.0
160,1100.0,1103.0515747182653,1.0,1.0,900976.0,1.0,0.0,954940.0,-1.0,-1.0,1145488.0,1095.0,-3000.0,0.0,-3000.0
161,1095.0,1095.0546636609818,1.0,1.0,909736.0,1.0,0.0,954940.0,-1.0,-1.0,1154248.0,1109.6,8760.0,0.0,8760.0
162,1111.47,1116.3565714769102,1.0,1.0,915064.0,1.0,0.0,954940.0,-1.0,-1.0,1160698.0,1120.35,5328.0,0.0,6450.0
163,1121.98,1122.9259110443536,1.0,1.0,914854.0000000001,1.0,0.0,954940.0,-1.0,-1.0,1161466.0,1121.63,-209.99999999988358,0.0,768.0
164,1121.2,1124.0214501089765,1.0,1.0,922534.0000000001,1.0,0.0,954940.0,-1.0,-1.0,1168888.0,1134.0,7680.0,0.0,7422.0
165,1130.0,1136.6217646919024,1.0,1.0,922342.0000000001,1.0,0.0,954940.0,-1.0,-1.0,1166296.0,1129.68,-192.0,0.0,-2592.0
166,1125.33,1123.9142663124344,-1.0,-1.0,922954.0,-1.0,-1.0,955552.0,-1.0,-1.0,1163074.0,1124.31,611.9999999998836,612.0,-3222.0
167,1125.38,1129.3474308478928,1.0,1.0,925137.9999999999,1.0,1.0,957735.9999999999,-1.0,-1.0,1165900.0,1129.02,2183.9999999998836,2183.9999999998836,2826.0
168,1130.26,1129.2812879690434,-1.0,-1.0,922822.0000000001,-1.0,-1.0,955420.0000000001,-1.0,-1.0,1168960.0,1134.12,-2315.999999999767,-2315.999999999767,3060.0
169,1133.0,1129.76465016883,-1.0,-1.0,925840.0,-1.0,0.0,955420.0000000001,-1.0,-1.0,1165270.0,1127.97,3017.9999999998836,0.0,-3690.0
170,1133.77,1130.619715888259,-1.0,-1.0,923392.0,-1.0,0.0,955420.0000000001,-1.0,-1.0,1171198.0,1137.85,-2448.0,0.0,5928.0
171,1136.99,1132.2465423167089,-1.0,-1.0,927586.0,-1.0,0.0,955420.0000000001,-1.0,-1.0,1166488.0,1130.0,4194.0,0.0,-4710.0
172,1129.35,1127.5501128581004,-1.0,-1.0,929236.0,-1.0,0.0,955420.0000000001,-1.0,-1.0,1164448.0,1126.6,1650.0,0.0,-2040.0
173,1126.6,1124.526823601702,-1.0,-1.0,920896.0,-1.0,0.0,955420.0000000001,-1.0,-1.0,1172788.0,1140.5,-8340.0,0.0,8340.0
174,1142.17,1144.0624719819755,1.0,1.0,929859.9999999999,1.0,1.0,964384.0,-1.0,-1.0,1182754.0,1157.11,8963.999999999884,8963.999999999884,9966.0
175,1165.0,1149.5963523753005,-1.0,-1.0,916660.0,-1.0,-1.0,951184.0,-1.0,-1.0,1200688.0,1187.0,-13199.999999999884,-13200.0,17934.0
176,1193.0,1173.880024845223,-1.0,-1.0,915760.0,-1.0,0.0,951184.0,-1.0,-1.0,1205188.0,1194.5,-900.0,0.0,4500.0
177,1197.0,1193.4829199934131,-1.0,-1.0,919660.0,-1.0,0.0,951184.0,-1.0,-1.0,1202788.0,1190.5,3900.0,0.0,-2400.0
178,1193.0,1189.4699917722414,-1.0,-1.0,938560.0,-1.0,0.0,951184.0,-1.0,-1.0,1185388.0,1161.5,18900.0,0.0,-17400.0
179,1162.57,1164.554677589948,1.0,1.0,949378.0,1.0,1.0,962002.0,-1.0,-1.0,1196848.0,1180.6,10818.0,10818.0,11460.0
180,1170.41,1172.0902773211048,1.0,1.0,944452.0,1.0,0.0,962002.0,-1.0,-1.0,1185808.0,1162.2,-4926.0,0.0,-11040.0
181,1170.5,1170.2312510265356,-1.0,-1.0,966328.0,-1.0,-1.0,983878.0,-1.0,-1.0,1168912.0,1134.04,21876.0,21876.0,-16896.0
182,1134.07,1144.2429452285035,1.0,1.0,971704.0,1.0,1.0,989254.0,-1.0,-1.0,1174306.0,1143.03,5376.0,5376.0,5394.0
183,1139.28,1138.051240163092,-1.0,-1.0,961072.0,-1.0,-1.0,978622.0,-1.0,-1.0,1182688.0,1157.0,-10632.0,-10632.0,8382.0
184,1157.23,1163.1606884993764,1.0,1.0,964174.0,1.0,1.0,981724.0,-1.0,-1.0,1185928.0,1162.4,3102.0,3102.0,3240.0
185,1165.0,1164.3144140322654,-1.0,-1.0,965764.0,-1.0,-1.0,983314.0,-1.0,-1.0,1185898.0,1162.35,1590.0,1590.0,-30.0
186,1162.35,1163.2093747988836,1.0,1.0,969424.0,1.0,1.0,986974.0,-1.0,-1.0,1189558.0,1168.45,3660.0,3660.0,3660.0
187,1169.98,1169.0289983977182,-1.0,-1.0,973300.0,-1.0,-1.0,990850.0,-1.0,-1.0,1186600.0,1163.52,3876.0,3876.0,-2958.0
188,1169.28,1170.7017995337872,1.0,1.0,970438.0,1.0,1.0,987988.0,-1.0,-1.0,1187194.0,1164.51,-2862.0,-2862.0,594.0
189,1164.99,1164.9265312097114,-1.0,-1.0,964888.0,-1.0,-1.0,982438.0,-1.0,-1.0,1193032.0,1174.24,-5550.0,-5550.0,5838.0
190,1176.07,1174.0238699599315,-1.0,-1.0,963490.0,-1.0,0.0,982438.0,-1.0,-1.0,1195528.0,1178.4,-1398.0,0.0,2496.0
191,1188.74,1177.5805074578375,-1.0,-1.0,961396.0,-1.0,0.0,982438.0,-1.0,-1.0,1203826.0,1192.23,-2094.0,0.0,8298.0
192,1195.0,1189.3232636131695,-1.0,-1.0,966196.0,-1.0,0.0,982438.0,-1.0,-1.0,1200688.0,1187.0,4800.0,0.0,-3138.0
193,1190.8,1190.9193726507726,1.0,1.0,955846.0,1.0,1.0,972088.0,-1.0,-1.0,1192618.0,1173.55,-10350.0,-10350.0,-8070.0
194,1177.77,1179.085624543374,1.0,1.0,954304.0,1.0,0.0,972088.0,-1.0,-1.0,1193608.0,1175.2,-1542.0,0.0,990.0
195,1175.0,1175.236576040694,1.0,1.0,949504.0,1.0,0.0,972088.0,-1.0,-1.0,1188688.0,1167.0,-4800.0,0.0,-4920.0
196,1167.5,1169.9052052007632,1.0,1.0,955060.0,1.0,0.0,972088.0,-1.0,-1.0,1194544.0,1176.76,5556.0,0.0,5856.0
197,1178.0,1173.4699961720755,-1.0,-1.0,952120.0,-1.0,-1.0,969148.0,-1.0,-1.0,1198228.0,1182.9,-2940.0,-2940.0,3684.0
198,1187.79,1184.1654644959676,-1.0,-1.0,952984.0,-1.0,0.0,969148.0,-1.0,-1.0,1200298.0,1186.35,864.0,0.0,2070.0
199,1187.5,1187.4728987086012,-1.0,-1.0,963922.0,-1.0,0.0,969148.0,-1.0,-1.0,1190050.0,1169.27,10938.0,0.0,-10248.0
200,1167.8,1176.7447501010574,1.0,1.0,974842.0,1.0,1.0,980068.0,-1.0,-1.0,1200088.0,1186.0,10920.0,10920.0,10038.0
201,1188.77,1185.8772972403467,-1.0,-1.0,966304.0,-1.0,-1.0,971530.0,-1.0,-1.0,1210288.0,1203.0,-8538.0,-8538.0,10200.0
202,1208.0,1199.3693725789724,-1.0,-1.0,964948.0,-1.0,0.0,971530.0,-1.0,-1.0,1214644.0,1210.26,-1356.0,0.0,4356.0
203,1210.92,1211.0068933384414,1.0,1.0,976702.0,1.0,1.0,983284.0,-1.0,-1.0,1226794.0,1230.51,11754.0,11754.0,12150.0
204,1233.39,1224.6302489288505,-1.0,-1.0,968440.0,-1.0,-1.0,975022.0,-1.0,-1.0,1236784.0,1247.16,-8262.0,-8262.0,9990.0
205,1248.26,1243.0264573950615,-1.0,-1.0,965758.0,-1.0,0.0,975022.0,-1.0,-1.0,1240126.0,1252.73,-2682.0,0.0,3342.0
206,1250.0,1250.0483498719955,1.0,1.0,969364.0,1.0,1.0,978628.0,-1.0,-1.0,1242094.0,1256.01,3606.0,3606.0,1968.0
207,1257.0,1248.4859586217492,-1.0,-1.0,956926.0,-1.0,-1.0,966190.0,-1.0,-1.0,1255126.0,1277.73,-12438.0,-12438.0,13032.0
208,1282.0,1269.3640358723194,-1.0,-1.0,941926.0,-1.0,0.0,966190.0,-1.0,-1.0,1272688.0,1307.0,-15000.0,0.0,17562.0
209,1315.5,1293.1194701008035,-1.0,-1.0,951826.0,-1.0,0.0,966190.0,-1.0,-1.0,1267888.0,1299.0,9900.0,0.0,-4800.0
210,1310.0,1306.9832714427685,-1.0,-1.0,958552.0,-1.0,0.0,966190.0,-1.0,-1.0,1267762.0,1298.79,6726.0,0.0,-126.0
211,1296.08,1295.966785838143,-1.0,-1.0,959812.0,-1.0,0.0,966190.0,-1.0,-1.0,1264876.0,1293.98,1260.0,0.0,-2886.0
212,1297.7,1295.3876618022439,-1.0,-1.0,961822.0,-1.0,0.0,966190.0,-1.0,-1.0,1265098.0,1294.35,2010.0,0.0,222.0
213,1296.0,1300.3897829050075,1.0,1.0,985072.0,1.0,1.0,989440.0,-1.0,-1.0,1289338.0,1334.75,23250.0,23250.0,24240.0
214,1339.0,1320.2123449177598,-1.0,-1.0,971770.0,-1.0,-1.0,976138.0,-1.0,-1.0,1305190.0,1361.17,-13302.0,-13302.0,15852.0
215,1365.0,1348.6078667576323,-1.0,-1.0,975070.0,-1.0,0.0,976138.0,-1.0,-1.0,1304188.0,1359.5,3300.0,0.0,-1002.0
216,1366.69,1365.8795551712444,-1.0,-1.0,968284.0,-1.0,0.0,976138.0,-1.0,-1.0,1315288.0,1378.0,-6786.0,0.0,11100.0
217,1382.0,1366.44881702411,-1.0,-1.0,953704.0,-1.0,0.0,976138.0,-1.0,-1.0,1332268.0,1406.3,-14580.0,0.0,16980.0
218,1408.0,1392.562968559133,-1.0,-1.0,947098.0,-1.0,0.0,976138.0,-1.0,-1.0,1339894.0,1419.01,-6606.0,0.0,7626.0
219,1411.5,1411.7238567689496,1.0,1.0,962998.0,1.0,1.0,992038.0,-1.0,-1.0,1351288.0,1438.0,15900.0,15900.0,11394.0
220,1448.0,1416.11449611384,-1.0,-1.0,953998.0,-1.0,-1.0,983038.0,-1.0,-1.0,1366288.0,1463.0,-9000.0,-9000.0,15000.0
221,1468.45,1456.3434381365698,-1.0,-1.0,948808.0,-1.0,0.0,983038.0,-1.0,-1.0,1374748.0,1477.1,-5190.0,0.0,8460.0
222,1471.73,1454.9048958568667,-1.0,-1.0,975646.0,-1.0,0.0,983038.0,-1.0,-1.0,1344688.0,1427.0,26838.0,0.0,-30060.0
223,1421.0,1439.6219604961982,1.0,1.0,948046.0,1.0,1.0,955438.0,-1.0,-1.0,1313488.0,1375.0,-27600.0,-27600.0,-31200.0
224,1374.0,1381.0300233234163,1.0,1.0,989446.0,1.0,0.0,955438.0,-1.0,-1.0,1354288.0,1443.0,41400.0,0.0,40800.0
225,1435.38,1440.217117915356,1.0,1.0,976017.9999999999,1.0,0.0,955438.0,-1.0,-1.0,1336288.0,1413.0,-13428.000000000116,0.0,-18000.0
226,1423.1,1422.790798514316,-1.0,-1.0,1018678.0,-1.0,-1.0,998098.0,-1.0,-1.0,1299688.0,1352.0,42660.00000000012,42660.0,-36600.0
227,1355.01,1373.230880378373,1.0,1.0,1011016.0,1.0,1.0,990436.0,-1.0,-1.0,1293832.0,1342.24,-7662.0,-7662.0,-5856.0
228,1351.0,1330.2177717134132,-1.0,-1.0,989416.0,-1.0,-1.0,968836.0,-1.0,-1.0,1320688.0,1387.0,-21600.0,-21600.0,26856.0
229,1384.87,1374.6431586721826,-1.0,-1.0,970768.0,-1.0,0.0,968836.0,-1.0,-1.0,1338058.0,1415.95,-18648.0,0.0,17370.0
230,1421.91,1402.397637379635,-1.0,-1.0,952984.0,-1.0,0.0,968836.0,-1.0,-1.0,1359418.0,1451.55,-17784.0,0.0,21360.0
231,1467.0,1432.7056037851237,-1.0,-1.0,955474.0,-1.0,0.0,968836.0,-1.0,-1.0,1366198.0,1462.85,2490.0,0.0,6780.0
232,1469.9,1453.87001799042,-1.0,-1.0,969364.0,-1.0,0.0,968836.0,-1.0,-1.0,1356538.0,1446.75,13890.0,0.0,-9660.0
233,1440.26,1448.7772688935502,1.0,1.0,988708.0,1.0,1.0,988180.0,-1.0,-1.0,1371988.0,1472.5,19344.0,19344.0,15450.0
234,1472.0,1464.7539551352786,-1.0,-1.0,985708.0,-1.0,-1.0,985180.0,-1.0,-1.0,1374688.0,1477.0,-3000.0,-3000.0,2700.0
235,1477.1,1482.2772615607482,1.0,1.0,992968.0,1.0,1.0,992440.0,-1.0,-1.0,1382008.0,1489.2,7260.0,7260.0,7320.0
236,1495.0,1487.2461249550674,-1.0,-1.0,989752.0000000001,-1.0,-1.0,989224.0000000001,-1.0,-1.0,1388704.0,1500.36,-3215.9999999998836,-3215.9999999998836,6696.0
237,1505.0,1493.2946752203495,-1.0,-1.0,977823.9999999999,-1.0,0.0,989224.0000000001,-1.0,-1.0,1403416.0,1524.88,-11928.000000000233,0.0,14712.0
238,1529.0,1515.7193609038557,-1.0,-1.0,985576.0,-1.0,0.0,989224.0000000001,-1.0,-1.0,1398136.0,1516.08,7752.000000000116,0.0,-5280.0
239,1520.0,1517.974688619332,-1.0,-1.0,987976.0,-1.0,0.0,989224.0000000001,-1.0,-1.0,1398088.0,1516.0,2400.0,0.0,-48.0
240,1530.85,1523.769794582432,-1.0,-1.0,1009150.0,-1.0,0.0,989224.0000000001,-1.0,-1.0,1385824.0,1495.56,21174.0,0.0,-12264.0
241,1486.25,1494.9032454691956,1.0,1.0,1019110.0,1.0,1.0,999184.0000000001,-1.0,-1.0,1390198.0,1502.85,9960.0,9960.0,4374.0
242,1503.6,1519.1309248425234,1.0,1.0,1031350.0,1.0,0.0,999184.0000000001,-1.0,-1.0,1402888.0,1524.0,12240.0,0.0,12690.0
243,1526.97,1521.328277782567,-1.0,-1.0,1039732.0,-1.0,-1.0,1007566.0,-1.0,-1.0,1396288.0,1513.0,8382.0,8381.999999999884,-6600.0
244,1519.71,1522.3193071781534,1.0,1.0,1054306.0,1.0,1.0,1022140.0,-1.0,-1.0,1414888.0,1544.0,14574.0,14574.0,18600.0
245,1545.01,1535.9249538944582,-1.0,-1.0,1050112.0,-1.0,-1.0,1017946.0,-1.0,-1.0,1419688.0,1552.0,-4194.0,-4194.0,4800.0
246,1554.0,1549.6857270675323,-1.0,-1.0,1035333.9999999999,-1.0,0.0,1017946.0,-1.0,-1.0,1435666.0,1578.63,-14778.000000000116,0.0,15978.0
247,1590.0,1568.895797218682,-1.0,-1.0,1029334.0,-1.0,0.0,1017946.0,-1.0,-1.0,1448488.0,1600.0,-5999.999999999884,0.0,12822.0
248,1600.01,1593.7633515494858,-1.0,-1.0,1038868.0000000001,-1.0,0.0,1017946.0,-1.0,-1.0,1438960.0,1584.12,9534.000000000116,0.0,-9528.0
249,1599.93,1605.8506339408211,1.0,1.0,1035730.0000000001,1.0,1.0,1014808.0,-1.0,-1.0,1445308.0,1594.7,-3138.0,-3138.0,6348.0
250,1598.0,1595.9522186719375,-1.0,-1.0,1042330.0,-1.0,-1.0,1021408.0,-1.0,-1.0,1440688.0,1587.0,6599.999999999884,6600.0,-4620.0
251,1585.0,1586.9482873949978,1.0,1.0,1034284.0,1.0,1.0,1013362.0,-1.0,-1.0,1431442.0,1571.59,-8046.0,-8046.0,-9246.0
252,1548.31,1575.8872908510266,1.0,1.0,1029298.0,1.0,0.0,1013362.0,-1.0,-1.0,1412488.0,1540.0,-4986.0,0.0,-18954.0
253,1549.24,1546.630908203544,-1.0,-1.0,1004542.0,-1.0,-1.0,988606.0,-1.0,-1.0,1442788.0,1590.5,-24756.0,-24756.0,30300.0
254,1588.0,1582.6744467091248,-1.0,-1.0,1009342.0,-1.0,0.0,988606.0,-1.0,-1.0,1436488.0,1580.0,4800.0,0.0,-6300.0
255,1572.75,1576.7003719077154,1.0,1.0,981886.0,1.0,1.0,961150.0,-1.0,-1.0,1404682.0,1526.99,-27456.0,-27456.0,-31806.0
256,1528.6,1538.7536657228206,1.0,1.0,961726.0,1.0,0.0,961150.0,-1.0,-1.0,1385488.0,1495.0,-20160.0,0.0,-19194.0
257,1511.01,1513.1904421466274,1.0,1.0,991120.0,1.0,0.0,961150.0,-1.0,-1.0,1424488.0,1560.0,29394.0,0.0,39000.0
258,1573.0,1554.513995597768,-1.0,-1.0,1028920.0,-1.0,-1.0,998950.0,-1.0,-1.0,1394488.0,1510.0,37800.0,37800.0,-30000.0
259,1484.0,1523.20272118867,1.0,1.0,994720.0,1.0,1.0,964750.0,-1.0,-1.0,1344688.0,1427.0,-34200.0,-34200.0,-49800.0
260,1427.83,1442.4686867247487,1.0,1.0,1005622.0,1.0,0.0,964750.0,-1.0,-1.0,1356088.0,1446.0,10902.0,0.0,11400.0
261,1436.13,1424.4934703854983,-1.0,-1.0,1048300.0,-1.0,-1.0,1007428.0,-1.0,-1.0,1307488.0,1365.0,42678.0,42678.0,-48600.0
262,1372.99,1387.7727154396769,1.0,1.0,1055518.0,1.0,1.0,1014646.0,-1.0,-1.0,1319500.0,1385.02,7218.0,7218.0,12012.0
263,1362.0,1380.3384142928924,1.0,1.0,1089118.0,1.0,0.0,1014646.0,-1.0,-1.0,1339288.0,1418.0,33600.0,0.0,19788.0
264,1431.0,1424.3108698694464,-1.0,-1.0,1095688.0,-1.0,-1.0,1021216.0,-1.0,-1.0,1340518.0,1420.05,6570.0,6570.0,1230.0
265,1431.52,1434.112910877204,1.0,1.0,1079770.0,1.0,1.0,1005298.0,-1.0,-1.0,1331482.0,1404.99,-15918.0,-15918.0,-9036.0
266,1420.71,1422.3524106954126,1.0,1.0,1070344.0,1.0,0.0,1005298.0,-1.0,-1.0,1331488.0,1405.0,-9426.0,0.0,6.0
267,1424.91,1422.825951809028,-1.0,-1.0,1064140.0,-1.0,-1.0,999094.0,-1.0,-1.0,1349638.0,1435.25,-6204.0,-6204.0,18150.0
268,1431.91,1433.5032685424396,1.0,1.0,1065004.0,1.0,1.0,999958.0,-1.0,-1.0,1348498.0,1433.35,864.0,864.0,-1140.0
269,1428.74,1430.6664983761268,1.0,1.0,1075060.0,1.0,0.0,999958.0,-1.0,-1.0,1355788.0,1445.5,10056.0,0.0,7290.0
270,1440.11,1436.3618268824341,-1.0,-1.0,1079326.0,-1.0,-1.0,1004224.0,-1.0,-1.0,1348288.0,1433.0,4266.0,4266.0,-7500.0
271,1434.01,1436.8620215334759,1.0,1.0,1088320.0,1.0,1.0,1013218.0,-1.0,-1.0,1357888.0,1449.0,8994.0,8994.0,9600.0
272,1451.0,1444.9482189903272,-1.0,-1.0,1054120.0,-1.0,-1.0,979018.0,-1.0,-1.0,1393288.0,1508.0,-34200.0,-34200.0,35400.0
273,1511.0,1492.0327635208364,-1.0,-1.0,1028320.0,-1.0,0.0,979018.0,-1.0,-1.0,1420888.0,1554.0,-25800.0,0.0,27600.0
274,1559.87,1540.1506209324984,-1.0,-1.0,1027402.0,-1.0,0.0,979018.0,-1.0,-1.0,1425328.0,1561.4,-918.0,0.0,4440.0
275,1550.0,1556.9259096561354,1.0,1.0,1016962.0,1.0,1.0,968578.0,-1.0,-1.0,1408048.0,1532.6,-10440.0,-10440.0,-17280.0
276,1532.0,1538.8891047979055,1.0,1.0,1011562.0,1.0,0.0,968578.0,-1.0,-1.0,1402288.0,1523.0,-5400.0,0.0,-5760.0
277,1529.0,1529.1732676680206,1.0,1.0,973492.0,1.0,0.0,968578.0,-1.0,-1.0,1367818.0,1465.55,-38070.0,0.0,-34470.0
278,1462.65,1485.3517814742013,1.0,1.0,987682.0,1.0,0.0,968578.0,-1.0,-1.0,1380268.0,1486.3,14190.0,0.0,12450.0
279,1484.9,1464.3786309659624,-1.0,-1.0,907822.0,-1.0,-1.0,888718.0,-1.0,-1.0,1459288.0,1618.0,-79860.0,-79860.0,79020.0
280,1607.21,1579.5781090372366,-1.0,-1.0,931408.0,-1.0,0.0,888718.0,-1.0,-1.0,1429228.0,1567.9,23586.0,0.0,-30060.0
281,1585.01,1596.183156082041,1.0,1.0,923302.0,1.0,1.0,880612.0,-1.0,-1.0,1431388.0,1571.5,-8106.0,-8106.0,2160.0
282,1571.0,1573.2671665285584,1.0,1.0,933772.0,1.0,0.0,880612.0,-1.0,-1.0,1441558.0,1588.45,10470.0,0.0,10170.0
283,1593.0,1574.1360676368893,-1.0,-1.0,948472.0,-1.0,-1.0,895312.0,-1.0,-1.0,1429588.0,1568.5,14700.0,14700.0,-11970.0
284,1570.01,1571.7463880125,1.0,1.0,949960.0,1.0,1.0,896800.0,-1.0,-1.0,1431982.0,1572.49,1488.0,1488.0,2394.0
285,1574.84,1576.8668736688132,1.0,1.0,953626.0,1.0,0.0,896800.0,-1.0,-1.0,1437058.0,1580.95,3666.0,0.0,5076.0
286,1594.3,1579.327389809534,-1.0,-1.0,951406.0,-1.0,-1.0,894580.0,-1.0,-1.0,1447288.0,1598.0,-2220.0,-2220.0,10230.0
287,1594.01,1591.9280242413665,-1.0,-1.0,952612.0,-1.0,0.0,894580.0,-1.0,-1.0,1443688.0,1592.0,1206.0,0.0,-3600.0
288,1599.0,1596.8593188695138,-1.0,-1.0,947812.0,-1.0,0.0,894580.0,-1.0,-1.0,1452688.0,1607.0,-4800.0,0.0,9000.0
289,1611.0,1599.0721441544185,-1.0,-1.0,949198.0,-1.0,0.0,894580.0,-1.0,-1.0,1453702.0,1608.69,1386.0,0.0,1014.0
290,1611.01,1609.7183828239447,-1.0,-1.0,953734.0,-1.0,0.0,894580.0,-1.0,-1.0,1450558.0,1603.45,4536.0,0.0,-3144.0
291,1608.5,1607.928145788423,-1.0,-1.0,958624.0,-1.0,0.0,894580.0,-1.0,-1.0,1448698.0,1600.35,4890.0,0.0,-1860.0
292,1601.54,1598.7703426086273,-1.0,-1.0,975268.0,-1.0,0.0,894580.0,-1.0,-1.0,1432768.0,1573.8,16644.0,0.0,-15930.0
293,1578.5,1576.2772037610866,-1.0,-1.0,969568.0,-1.0,0.0,894580.0,-1.0,-1.0,1441288.0,1588.0,-5700.0,0.0,8520.0
294,1587.0,1583.3154521787797,-1.0,-1.0,971422.0,-1.0,0.0,894580.0,-1.0,-1.0,1438834.0,1583.91,1854.0,0.0,-2454.0
295,1587.75,1588.6132375397406,1.0,1.0,962662.0,1.0,1.0,885820.0,-1.0,-1.0,1432378.0,1573.15,-8760.0,-8760.0,-6456.0
296,1585.85,1583.398113170029,-1.0,-1.0,962806.0000000001,-1.0,-1.0,885964.0000000001,-1.0,-1.0,1439854.0,1585.61,144.00000000011642,144.00000000011642,7476.0
297,1592.28,1592.6029347981964,1.0,1.0,956044.0000000001,1.0,1.0,879202.0000000001,-1.0,-1.0,1437094.0,1581.01,-6762.0,-6762.0,-2760.0
298,1564.92,1582.0011190106804,1.0,1.0,977194.0000000001,1.0,0.0,879202.0000000001,-1.0,-1.0,1448590.0,1600.17,21150.0,0.0,11496.0
299,1603.49,1591.0533946669545,-1.0,-1.0,976186.0,-1.0,-1.0,878194.0,-1.0,-1.0,1451590.0,1605.17,-1008.0000000001164,-1008.0000000001164,3000.0
300,1605.0,1599.7771393080097,-1.0,-1.0,973696.0,-1.0,0.0,878194.0,-1.0,-1.0,1453978.0,1609.15,-2490.0,0.0,2388.0
301,1599.68,1601.4098556366062,1.0,1.0,981418.0,1.0,1.0,885916.0,-1.0,-1.0,1456018.0,1612.55,7722.0,7722.0,2040.0
302,1622.0,1608.9867351571938,-1.0,-1.0,980692.0,-1.0,-1.0,885190.0,-1.0,-1.0,1462414.0,1623.21,-726.0,-726.0,6396.0
303,1629.0,1621.333217920762,-1.0,-1.0,979492.0,-1.0,0.0,885190.0,-1.0,-1.0,1467088.0,1631.0,-1200.0,0.0,4674.0
304,1631.21,1627.9138772276435,-1.0,-1.0,973618.0,-1.0,0.0,885190.0,-1.0,-1.0,1473088.0,1641.0,-5874.0,0.0,6000.0
305,1649.02,1638.358469952962,-1.0,-1.0,963034.0,-1.0,0.0,885190.0,-1.0,-1.0,1488484.0,1666.66,-10584.0,0.0,15396.0
306,1674.0,1658.2911997720705,-1.0,-1.0,948814.0,-1.0,0.0,885190.0,-1.0,-1.0,1507108.0,1697.7,-14220.0,0.0,18624.0
307,1703.08,1685.6314315181103,-1.0,-1.0,953212.0,-1.0,0.0,885190.0,-1.0,-1.0,1505938.0,1695.75,4398.0,0.0,-1170.0
308,1702.39,1702.40262966099,1.0,1.0,943977.9999999999,1.0,1.0,875955.9999999999,-1.0,-1.0,1500688.0,1687.0,-9234.000000000116,-9234.000000000116,-5250.0
309,1670.01,1683.6971693308246,1.0,1.0,951171.9999999999,1.0,0.0,875955.9999999999,-1.0,-1.0,1497688.0,1682.0,7194.0,0.0,-3000.0
310,1683.01,1685.8724977112665,1.0,1.0,954837.9999999998,1.0,0.0,875955.9999999999,-1.0,-1.0,1501960.0,1689.12,3665.9999999998836,0.0,4272.0
311,1695.0,1689.2187828565338,-1.0,-1.0,950313.9999999998,-1.0,-1.0,871432.0,-1.0,-1.0,1510012.0,1702.54,-4524.0,-4523.999999999884,8052.0
312,1701.43,1696.474988143052,-1.0,-1.0,947721.9999999998,-1.0,0.0,871432.0,-1.0,-1.0,1511938.0,1705.75,-2592.0,0.0,1926.0
313,1704.0,1704.0361815133974,1.0,1.0,960621.9999999998,1.0,1.0,884332.0,-1.0,-1.0,1523788.0,1725.5,12900.0,12900.0,11850.0
314,1720.05,1714.4470379111497,-1.0,-1.0,963531.9999999998,-1.0,-1.0,887242.0,-1.0,-1.0,1517608.0,1715.2,2910.0,2910.0,-6180.0
315,1710.0,1712.1607030851458,1.0,1.0,967131.9999999998,1.0,1.0,890842.0,-1.0,-1.0,1518088.0,1716.0,3600.0,3600.0,480.0
316,1700.16,1710.348071112363,1.0,1.0,988629.9999999998,1.0,0.0,890842.0,-1.0,-1.0,1530082.0,1735.99,21498.0,0.0,11994.0
317,1743.0,1723.1064319636314,-1.0,-1.0,982629.9999999998,-1.0,-1.0,884842.0,-1.0,-1.0,1540288.0,1753.0,-6000.0,-6000.0,10206.0
318,1759.76,1743.804774510034,-1.0,-1.0,1003611.9999999998,-1.0,0.0,884842.0,-1.0,-1.0,1523362.0,1724.79,20982.0,0.0,-16926.0
319,1733.0,1726.7122310012423,-1.0,-1.0,1013277.9999999997,-1.0,0.0,884842.0,-1.0,-1.0,1518622.0,1716.89,9665.999999999884,0.0,-4740.0
320,1702.85,1717.2561992052986,1.0,1.0,988767.9999999997,1.0,1.0,860332.0,-1.0,-1.0,1485688.0,1662.0,-24510.0,-24510.0,-32934.0
321,1668.0,1666.3953438871813,-1.0,-1.0,974067.9999999995,-1.0,-1.0,845632.0,-1.0,-1.0,1503988.0,1692.5,-14700.000000000116,-14700.0,18300.0
322,1674.21,1673.8371643255166,-1.0,-1.0,979893.9999999995,-1.0,0.0,845632.0,-1.0,-1.0,1487188.0,1664.5,5826.0,0.0,-16800.0
323,1671.4,1674.8665481853175,1.0,1.0,998853.9999999995,1.0,1.0,864592.0,-1.0,-1.0,1510288.0,1703.0,18960.0,18960.0,23100.0
324,1721.0,1698.9552220784958,-1.0,-1.0,1011153.9999999995,-1.0,-1.0,876892.0,-1.0,-1.0,1508788.0,1700.5,12300.0,12300.0,-1500.0
325,1689.25,1700.872312247519,1.0,1.0,1025943.9999999995,1.0,1.0,891682.0,-1.0,-1.0,1516828.0,1713.9,14790.0,14790.0,8040.0
326,1724.0,1707.0621000849865,-1.0,-1.0,1042749.9999999995,-1.0,-1.0,908488.0,-1.0,-1.0,1506082.0,1695.99,16806.0,16806.0,-10746.0
327,1710.0,1710.7970432867028,1.0,1.0,1034559.9999999995,1.0,1.0,900298.0,-1.0,-1.0,1506298.0,1696.35,-8190.0,-8190.0,216.0
328,1703.0,1700.9129021516062,-1.0,-1.0,1029345.9999999995,-1.0,-1.0,895084.0,-1.0,-1.0,1515502.0,1711.69,-5214.0,-5214.0,9204.0
329,1719.99,1711.8335587280703,-1.0,-1.0,1017411.9999999994,-1.0,0.0,895084.0,-1.0,-1.0,1532416.0,1739.88,-11934.000000000116,0.0,16914.0
330,1742.0,1729.6481940464907,-1.0,-1.0,1024611.9999999995,-1.0,0.0,895084.0,-1.0,-1.0,1526488.0,1730.0,7200.000000000116,0.0,-5928.0
331,1725.0,1727.8935485005607,1.0,1.0,1043841.9999999995,1.0,1.0,914314.0,-1.0,-1.0,1542718.0,1757.05,19230.0,19230.0,16230.0
332,1760.0,1743.7906626118697,-1.0,-1.0,1019991.9999999995,-1.0,-1.0,890464.0,-1.0,-1.0,1568338.0,1799.75,-23850.0,-23850.0,25620.0
333,1803.5,1782.1910449727727,-1.0,-1.0,1014591.9999999995,-1.0,0.0,890464.0,-1.0,-1.0,1575988.0,1812.5,-5400.0,0.0,7650.0
334,1820.0,1800.6595116716405,-1.0,-1.0,1026231.9999999995,-1.0,0.0,890464.0,-1.0,-1.0,1568848.0,1800.6,11640.0,0.0,-7140.0
335,1812.0,1804.1242936704825,-1.0,-1.0,1003701.9999999995,-1.0,0.0,890464.0,-1.0,-1.0,1598218.0,1849.55,-22530.0,0.0,29370.0
336,1848.0,1826.4612788866345,-1.0,-1.0,1007841.9999999995,-1.0,0.0,890464.0,-1.0,-1.0,1593148.0,1841.1,4140.0,0.0,-5070.0
337,1839.2,1835.5440700262568,-1.0,-1.0,1019301.9999999995,-1.0,0.0,890464.0,-1.0,-1.0,1580548.0,1820.1,11460.0,0.0,-12600.0
338,1825.29,1825.690407790873,1.0,1.0,1012347.9999999995,1.0,1.0,883510.0,-1.0,-1.0,1576708.0,1813.7,-6954.0,-6954.0,-3840.0
339,1810.41,1814.309778785544,1.0,1.0,1017201.9999999995,1.0,0.0,883510.0,-1.0,-1.0,1579588.0,1818.5,4854.0,0.0,2880.0
340,1822.0,1834.4076444511786,1.0,1.0,1020807.9999999995,1.0,0.0,883510.0,-1.0,-1.0,1585294.0,1828.01,3606.0,0.0,5706.0
341,1832.0,1836.04512674448,1.0,1.0,1020237.9999999995,1.0,0.0,883510.0,-1.0,-1.0,1587118.0,1831.05,-570.0,0.0,1824.0
342,1836.0,1834.3379421902675,-1.0,-1.0,1001937.9999999995,-1.0,-1.0,865210.0,-1.0,-1.0,1608388.0,1866.5,-18300.0,-18300.0,21270.0
343,1869.01,1848.5626913588226,-1.0,-1.0,1034457.9999999995,-1.0,0.0,865210.0,-1.0,-1.0,1577374.0,1814.81,32520.0,0.0,-31014.0
344,1823.01,1836.2776224852944,1.0,1.0,1010451.9999999995,1.0,1.0,841204.0,-1.0,-1.0,1558288.0,1783.0,-24006.0,-24006.0,-19086.0
345,1787.01,1792.0189300688962,1.0,1.0,1010973.9999999995,1.0,0.0,841204.0,-1.0,-1.0,1561216.0,1787.88,522.0,0.0,2928.0
346,1787.91,1777.2591386375402,-1.0,-1.0,1004139.9999999995,-1.0,-1.0,834370.0,-1.0,-1.0,1568068.0,1799.3,-6834.0,-6834.0,6852.0
347,1799.0,1793.1572315069482,-1.0,-1.0,982779.9999999995,-1.0,0.0,834370.0,-1.0,-1.0,1589248.0,1834.6,-21360.0,0.0,21180.0
348,1841.0,1821.0729816643427,-1.0,-1.0,994719.9999999995,-1.0,0.0,834370.0,-1.0,-1.0,1581148.0,1821.1,11940.0,0.0,-8100.0
349,1830.0,1828.423683400536,-1.0,-1.0,984243.9999999995,-1.0,0.0,834370.0,-1.0,-1.0,1596964.0,1847.46,-10476.0,0.0,15816.0
350,1852.5,1838.5550482165725,-1.0,-1.0,977943.9999999995,-1.0,0.0,834370.0,-1.0,-1.0,1606288.0,1863.0,-6300.0,0.0,9324.0
351,1866.0,1859.4716400050963,-1.0,-1.0,967263.9999999995,-1.0,0.0,834370.0,-1.0,-1.0,1618768.0,1883.8,-10680.0,0.0,12480.0
352,1886.31,1876.0069634284628,-1.0,-1.0,960249.9999999995,-1.0,0.0,834370.0,-1.0,-1.0,1627288.0,1898.0,-7014.0,0.0,8520.0
353,1892.0,1893.1990506357763,1.0,1.0,957729.9999999995,1.0,1.0,831850.0,-1.0,-1.0,1621168.0,1887.8,-2520.0,-2520.0,-6120.0
354,1883.91,1885.7862666026347,1.0,1.0,969033.9999999995,1.0,0.0,831850.0,-1.0,-1.0,1630138.0,1902.75,11304.0,0.0,8970.0
355,1911.1,1904.2594608951222,-1.0,-1.0,961293.9999999995,-1.0,-1.0,824110.0,-1.0,-1.0,1642888.0,1924.0,-7740.0,-7740.0,12750.0
356,1924.0,1913.0824777513412,-1.0,-1.0,985893.9999999995,-1.0,0.0,824110.0,-1.0,-1.0,1618288.0,1883.0,24600.0,0.0,-24600.0
357,1898.9,1902.1736927755128,1.0,1.0,977853.9999999995,1.0,1.0,816070.0,-1.0,-1.0,1619788.0,1885.5,-8040.0,-8040.0,1500.0
358,1890.0,1890.9174062986035,1.0,1.0,972453.9999999995,1.0,0.0,816070.0,-1.0,-1.0,1617088.0,1881.0,-5400.0,0.0,-2700.0
359,1890.16,1880.3146918475986,-1.0,-1.0,980649.9999999995,-1.0,-1.0,824266.0,-1.0,-1.0,1614388.0,1876.5,8196.0,8196.0,-2700.0
360,1882.0,1884.4307153491015,1.0,1.0,974049.9999999995,1.0,1.0,817666.0,-1.0,-1.0,1611088.0,1871.0,-6600.0,-6600.0,-3300.0
361,1880.1,1880.2063505395306,1.0,1.0,990711.9999999995,1.0,0.0,817666.0,-1.0,-1.0,1633210.0,1907.87,16662.0,0.0,22122.0
362,1907.18,1899.4933904862216,-1.0,-1.0,993219.9999999995,-1.0,-1.0,820174.0,-1.0,-1.0,1630288.0,1903.0,2508.0,2508.0,-2922.0
363,1912.0,1911.0387499026322,-1.0,-1.0,997419.9999999995,-1.0,0.0,820174.0,-1.0,-1.0,1631488.0,1905.0,4200.0,0.0,1200.0
364,1914.0,1909.1749236983103,-1.0,-1.0,986439.9999999995,-1.0,0.0,820174.0,-1.0,-1.0,1647868.0,1932.3,-10980.0,0.0,16380.0
365,1933.0,1925.6926101429071,-1.0,-1.0,985233.9999999995,-1.0,0.0,820174.0,-1.0,-1.0,1649494.0,1935.01,-1206.0,0.0,1626.0
366,1945.0,1935.8617725682168,-1.0,-1.0,952383.9999999995,-1.0,0.0,820174.0,-1.0,-1.0,1688338.0,1999.75,-32850.0,0.0,38844.0
367,2000.12,1981.6962062967093,-1.0,-1.0,951165.9999999995,-1.0,0.0,820174.0,-1.0,-1.0,1689778.0,2002.15,-1218.0,0.0,1440.0
